{"count":1,"self":71.791328,"total":72.3566061,"children":{"InitializeActuators":{"count":1,"self":0.0030332,"total":0.0030332,"children":null},"InitializeSensors":{"count":1,"self":0.0020526,"total":0.0020526,"children":null},"AgentSendState":{"count":3294,"self":0.0182115,"total":0.085258099999999989,"children":{"CollectObservations":{"count":659,"self":0.0395612,"total":0.0395612,"children":null},"WriteActionMask":{"count":659,"self":0.0035573999999999996,"total":0.0035573999999999996,"children":null},"RequestDecision":{"count":659,"self":0.023927999999999998,"total":0.023927999999999998,"children":null}}},"DecideAction":{"count":3294,"self":0.34151349999999997,"total":0.34151349999999997,"children":null},"AgentAct":{"count":3294,"self":0.13185829999999998,"total":0.13185829999999998,"children":null}},"gauges":{"CarAgent.CumulativeReward":{"count":1,"max":17.7621536,"min":17.7621536,"runningAverage":17.7621536,"value":17.7621536,"weightedAverage":17.7621536}},"metadata":{"timer_format_version":"0.1.0","start_time_seconds":"1745317876","unity_version":"6000.0.43f1","command_line_arguments":"C:\\Program Files\\Unity\\Hub\\Editor\\6000.0.43f1\\Editor\\Unity.exe -projectpath D:\\Unity\\MyAiCar -useHub -hubIPC -cloudEnvironment production","communication_protocol_version":"1.5.0","com.unity.ml-agents_version":"3.0.0","scene_name":"SampleScene","end_time_seconds":"1745317948"}}